{"task": 0, "acc": 97.6, "avg_acc": 97.6, "forgetting": 0.0, "acc_per_task": [97.6], "bwt": -0.0, "fwt": 0.0}
{"task": 1, "acc": 92.25, "avg_acc": 94.92, "forgetting": 0.5, "acc_per_task": [97.1, 87.4], "bwt": -0.5, "fwt": 0.0}
{"task": 2, "acc": 89.13, "avg_acc": 92.99, "forgetting": 0.45, "acc_per_task": [94.3, 89.8, 83.3], "bwt": -0.45, "fwt": 0.0}
{"task": 3, "acc": 85.6, "avg_acc": 91.15, "forgetting": 3.366667, "acc_per_task": [90.9, 89.1, 80.6, 81.8], "bwt": -3.37, "fwt": 0.0}
{"task": 4, "acc": 84.92, "avg_acc": 89.9, "forgetting": 4.175, "acc_per_task": [89.9, 88.8, 76.8, 80.3, 88.8], "bwt": -4.17, "fwt": 0.0}
{"task": 5, "acc": 85.02, "avg_acc": 89.09, "forgetting": 4.58, "acc_per_task": [87.5, 86.8, 76.2, 80.0, 87.9, 91.7], "bwt": -4.58, "fwt": 0.0}
{"task": 6, "acc": 81.83, "avg_acc": 88.05, "forgetting": 7.05, "acc_per_task": [85.4, 83.8, 72.0, 74.7, 86.1, 88.7, 82.1], "bwt": -7.05, "fwt": 0.0}
{"task": 7, "acc": 81.0, "avg_acc": 87.17, "forgetting": 7.757143, "acc_per_task": [86.3, 81.3, 71.4, 73.5, 83.9, 88.1, 76.3, 87.2], "bwt": -7.76, "fwt": 0.0}
{"task": 8, "acc": 80.69, "avg_acc": 86.45, "forgetting": 7.8375, "acc_per_task": [86.0, 80.4, 70.7, 73.8, 82.4, 88.9, 73.2, 84.2, 86.6], "bwt": -7.84, "fwt": 0.0}
{"task": 9, "acc": 78.99, "avg_acc": 85.7, "forgetting": 9.422222, "acc_per_task": [87.1, 74.5, 66.7, 73.6, 79.9, 87.7, 72.3, 81.1, 81.2, 85.8], "bwt": -9.42, "fwt": 0.0}
{"last": 78.99, "avg": 85.7}
