{"task": 0, "acc": 97.9, "avg_acc": 97.9, "forgetting": 0.0, "acc_per_task": [97.9], "bwt": 0.0, "fwt": 0.0}
{"task": 1, "acc": 93.0, "avg_acc": 95.45, "forgetting": 0.0, "acc_per_task": [97.3, 88.7], "bwt": 0.0, "fwt": 97.3}
{"task": 2, "acc": 89.4, "avg_acc": 93.43, "forgetting": 1.25, "acc_per_task": [95.4, 90.6, 82.2], "bwt": -0.83, "fwt": 94.43}
{"task": 3, "acc": 85.78, "avg_acc": 91.52, "forgetting": 2.266667, "acc_per_task": [90.8, 89.0, 80.4, 82.9], "bwt": -1.55, "fwt": 90.58}
{"task": 4, "acc": 85.2, "avg_acc": 90.26, "forgetting": 3.675, "acc_per_task": [90.0, 88.0, 78.0, 80.8, 89.2], "bwt": -2.21, "fwt": 88.03}
{"task": 5, "acc": 85.43, "avg_acc": 89.45, "forgetting": 4.28, "acc_per_task": [89.2, 86.2, 76.5, 80.3, 88.9, 91.5], "bwt": -2.77, "fwt": 86.76}
{"task": 6, "acc": 81.59, "avg_acc": 88.33, "forgetting": 6.583333, "acc_per_task": [86.8, 84.2, 73.0, 71.8, 87.5, 88.5, 79.3], "bwt": -3.77, "fwt": 85.39}
{"task": 7, "acc": 81.98, "avg_acc": 87.53, "forgetting": 6.028571, "acc_per_task": [87.1, 83.6, 73.4, 75.3, 83.7, 89.0, 76.1, 87.6], "bwt": -4.27, "fwt": 84.34}
{"task": 8, "acc": 80.7, "avg_acc": 86.77, "forgetting": 7.225, "acc_per_task": [87.8, 80.3, 72.4, 72.4, 81.4, 88.4, 73.1, 83.4, 87.1], "bwt": -4.87, "fwt": 83.35}
{"task": 9, "acc": 79.26, "avg_acc": 86.02, "forgetting": 8.577778, "acc_per_task": [86.0, 74.0, 66.1, 73.1, 81.2, 87.8, 73.2, 82.6, 82.5, 86.1], "bwt": -5.57, "fwt": 82.38}
{"last": 79.26, "avg": 86.02}
